{"initial_reset_timestamp": 98974.712532329, "timestamps": [98979.840009498, 98984.633453821, 98989.1052901], "episode_lengths": [1743, 1743, 1743], "episode_rewards": [19.0, 19.0, 19.0], "episode_types": ["t", "t", "t", "t"]}