{"initial_reset_timestamp": 272626.945609723, "timestamps": [272629.022506281, 272629.975234589, 272631.438711258], "episode_lengths": [158, 159, 318], "episode_rewards": [105.0, 105.0, 185.0], "episode_types": ["t", "t", "t", "t"]}