{"initial_reset_timestamp": 1645997224.854964, "timestamps": [1645997229.5792565, 1645997233.814603, 1645997237.460987], "episode_lengths": [1630, 1630, 1630], "episode_rewards": [21.0, 21.0, 21.0], "episode_types": ["t", "t", "t", "t"]}